"playerid","lowA.WAR","lowAprob","posit","eWAR.lowA","PlayerName","Level"
208503,11.7814027994931,0.529682286655746,"2B",6.24040037484792,"Everlouis Lozada","lowA"
198365,15.9092176936949,0.153331765635359,"2B",2.43938843885153,"Vidal Brujan","lowA"
196518,6.65704562455064,0.359486482068353,"C",2.39311791253823,"Daulton Varsho","lowA"
203946,7.54407564059531,0.278200745414302,"3B",2.09876746667549,"Nolan Jones","lowA"
210286,5.33021184542984,0.380618240179186,"SS",2.02877585238976,"Justin Lopez","lowA"
193691,6.37277626834776,0.311109598523033,"C",1.98263186632278,"Trevor Craport","lowA"
209895,7.92036898633842,0.230721831316569,"OF",1.82740203723096,"Bligh Madris","lowA"
194395,5.73324095170004,0.306712799068701,"3B",1.75845838003122,"Tyler Ratliff","lowA"
209840,10.3217462225585,0.152695322619854,"OF",1.57608236945383,"Cole Brannen","lowA"
